gene	delta_BRONJ_vs_Control	signature_dir	failure_specific	abs_effect	failure_direction
MMP3	1.64	down	TRUE	1.64	up
FST	1.582	down	TRUE	1.582	up
PTGS2	1.332	down	TRUE	1.332	up
IL6	1.264	down	TRUE	1.264	up
CXCL1	1.25	down	TRUE	1.25	up
SERPING1	-1.219	up	TRUE	1.219	down
IGFBP5	-1.206	up	TRUE	1.206	down
ARHGEF28	-1.048	up	TRUE	1.048	down
TMEM171	1.039	down	TRUE	1.039	up
SFRP1	-1.032	up	TRUE	1.032	down
SLIT3	-1.032	up	TRUE	1.032	down
CYTL1	-0.966	up	TRUE	0.966	down
PARM1	-0.921	up	TRUE	0.921	down
ABI3BP	-0.876	up	TRUE	0.876	down
PLK2	0.827	down	TRUE	0.827	up
ANGPT1	-0.826	up	TRUE	0.826	down
PCDH9	-0.812	up	TRUE	0.812	down
BMP2	-0.749	up	TRUE	0.749	down
ST6GAL1	-0.742	up	TRUE	0.742	down
LIMCH1	-0.734	up	TRUE	0.734	down
NRROS	-0.727	up	TRUE	0.727	down
NQO1	0.713	down	TRUE	0.713	up
LYPD6B	0.711	down	TRUE	0.711	up
LAMA3	0.704	down	TRUE	0.704	up
EBF1	-0.696	up	TRUE	0.696	down
PTK2B	-0.693	up	TRUE	0.693	down
GPX3	-0.688	up	TRUE	0.688	down
MME	-0.662	up	TRUE	0.662	down
TWIST2	-0.655	up	TRUE	0.655	down
GAS6	-0.655	up	TRUE	0.655	down
SEMA3D	0.645	down	TRUE	0.645	up
MFAP4	-0.645	up	TRUE	0.645	down
GALNT10	-0.63	up	TRUE	0.63	down
SNCAIP	-0.627	up	TRUE	0.627	down
SLC7A11	0.616	down	TRUE	0.616	up
COL3A1	-0.609	up	TRUE	0.609	down
PDE1C	0.609	down	TRUE	0.609	up
SPON1	-0.608	up	TRUE	0.608	down
GYPC	-0.606	up	TRUE	0.606	down
LEF1	-0.601	up	TRUE	0.601	down
INMT	-0.595	up	TRUE	0.595	down
P4HA3	-0.588	up	TRUE	0.588	down
PRKG2	0.58	down	TRUE	0.58	up
CRABP2	-0.579	up	TRUE	0.579	down
ID1	0.574	down	TRUE	0.574	up
SCARA3	-0.573	up	TRUE	0.573	down
SORBS1	-0.571	up	TRUE	0.571	down
FBLN5	-0.566	up	TRUE	0.566	down
PDGFD	-0.56	up	TRUE	0.56	down
COL12A1	0.559	down	TRUE	0.559	up
HS3ST3B1	-0.556	up	TRUE	0.556	down
ATP1B1	-0.555	up	TRUE	0.555	down
DIO3	-0.531	up	TRUE	0.531	down
PLXDC2	-0.521	up	TRUE	0.521	down
DNASE1L1	0.511	down	TRUE	0.511	up
SERPINB2	0.504	down	TRUE	0.504	up
CSGALNACT1	-0.502	up	TRUE	0.502	down
PER1	-0.501	up	TRUE	0.501	down
AXIN2	-0.501	up	TRUE	0.501	down
RFTN2	-0.499	up	TRUE	0.499	down
GPC3	-0.499	up	TRUE	0.499	down
ANGPTL4	-0.491	up	TRUE	0.491	down
MFSD12	-0.49	up	TRUE	0.49	down
LDLRAD3	-0.489	up	TRUE	0.489	down
NT5DC3	-0.475	up	TRUE	0.475	down
MFSD2B	-0.466	up	TRUE	0.466	down
NSMF	-0.464	up	TRUE	0.464	down
PTGER4	-0.455	up	TRUE	0.455	down
CDC42EP2	0.452	down	TRUE	0.452	up
SESN3	-0.437	up	TRUE	0.437	down
EFHD1	-0.433	up	TRUE	0.433	down
B3GNT5	-0.428	up	TRUE	0.428	down
PARP14	0.428	down	TRUE	0.428	up
HMGN2	0.427	down	TRUE	0.427	up
SNED1	-0.423	up	TRUE	0.423	down
PRR5L	-0.419	up	TRUE	0.419	down
KCNJ2	0.418	down	TRUE	0.418	up
FADS2	-0.418	up	TRUE	0.418	down
CCDC3	-0.416	up	TRUE	0.416	down
PHKA1	-0.416	up	TRUE	0.416	down
CHST15	-0.415	up	TRUE	0.415	down
STC2	0.412	down	TRUE	0.412	up
ADAMTS1	-0.41	up	TRUE	0.41	down
HSPG2	0.407	down	TRUE	0.407	up
IER3	0.402	down	TRUE	0.402	up
LAMA2	-0.396	up	TRUE	0.396	down
TM4SF1	0.382	down	TRUE	0.382	up
CPM	-0.382	up	TRUE	0.382	down
MGP	-0.375	up	TRUE	0.375	down
RCAN2	-0.368	up	TRUE	0.368	down
RORB	-0.357	up	TRUE	0.357	down
IFI30	0.355	down	TRUE	0.355	up
ANKRD29	0.355	down	TRUE	0.355	up
ARID5A	-0.354	up	TRUE	0.354	down
NFIA	-0.354	up	TRUE	0.354	down
ENPP2	-0.349	up	TRUE	0.349	down
COL27A1	0.345	down	TRUE	0.345	up
SLC3A2	-0.341	up	TRUE	0.341	down
CYGB	-0.333	up	TRUE	0.333	down
FRMD4B	-0.332	up	TRUE	0.332	down
TMEM100	-0.331	up	TRUE	0.331	down
GABARAPL1	-0.33	up	TRUE	0.33	down
ROBO2	-0.329	up	TRUE	0.329	down
AFF2	-0.325	up	TRUE	0.325	down
KCTD16	0.324	down	TRUE	0.324	up
FRMD5	-0.322	up	TRUE	0.322	down
PLAG1	-0.315	up	TRUE	0.315	down
APOD	-0.312	up	TRUE	0.312	down
KCNJ15	-0.31	up	TRUE	0.31	down
ABCA6	-0.309	up	TRUE	0.309	down
NRP2	-0.302	up	TRUE	0.302	down
PLA2G4A	0.3	down	TRUE	0.3	up
SPRY1	-0.294	up	TRUE	0.294	down
CEPT1	0.291	down	TRUE	0.291	up
SLC20A2	-0.287	up	TRUE	0.287	down
MAOA	-0.275	up	TRUE	0.275	down
MYOF	0.273	down	TRUE	0.273	up
DUSP5	-0.27	up	TRUE	0.27	down
PTGIS	0.267	down	TRUE	0.267	up
PMP22	-0.267	up	TRUE	0.267	down
CLCF1	-0.266	up	TRUE	0.266	down
LIF	0.263	down	TRUE	0.263	up
S100A16	-0.258	up	TRUE	0.258	down
OPN3	-0.255	up	TRUE	0.255	down
HMOX1	0.252	down	TRUE	0.252	up
ADARB1	-0.246	up	TRUE	0.246	down
AFAP1	-0.245	up	TRUE	0.245	down
SLC44A1	-0.244	up	TRUE	0.244	down
IL11	-0.244	up	TRUE	0.244	down
PLAT	-0.244	up	TRUE	0.244	down
EPSTI1	-0.244	up	TRUE	0.244	down
EFEMP1	-0.239	up	TRUE	0.239	down
WNT11	-0.232	up	TRUE	0.232	down
KLF9	-0.232	up	TRUE	0.232	down
SEMA3F	0.231	down	TRUE	0.231	up
FYCO1	0.23	down	TRUE	0.23	up
PLK1	0.224	down	TRUE	0.224	up
SLC2A1	0.218	down	TRUE	0.218	up
RAMP1	-0.216	up	TRUE	0.216	down
PMEPA1	-0.215	up	TRUE	0.215	down
ALPK2	0.215	down	TRUE	0.215	up
IL1R1	-0.211	up	TRUE	0.211	down
RAB13	-0.211	up	TRUE	0.211	down
EPHB6	-0.207	up	TRUE	0.207	down
RHOD	-0.203	up	TRUE	0.203	down
RPL37A	-0.202	up	TRUE	0.202	down
FENDRR	-0.202	up	TRUE	0.202	down
KLHL41	-0.201	up	TRUE	0.201	down
TSC22D3	-0.2	up	TRUE	0.2	down
TGFBI	0.196	down	TRUE	0.196	up
NSG1	-0.195	up	TRUE	0.195	down
COL6A1	0.195	down	TRUE	0.195	up
NRG1	0.194	down	TRUE	0.194	up
ENTPD1	-0.191	up	TRUE	0.191	down
NENF	-0.19	up	TRUE	0.19	down
SGMS2	0.188	down	TRUE	0.188	up
BEGAIN	-0.185	up	TRUE	0.185	down
SLC39A4	-0.185	up	TRUE	0.185	down
NT5DC2	-0.178	up	TRUE	0.178	down
NEU1	0.177	down	TRUE	0.177	up
RND3	0.172	down	TRUE	0.172	up
LRRC32	-0.17	up	TRUE	0.17	down
TOP2A	0.17	down	TRUE	0.17	up
LGMN	-0.169	up	TRUE	0.169	down
GPM6B	-0.166	up	TRUE	0.166	down
CRIP2	-0.164	up	TRUE	0.164	down
PARP12	-0.163	up	TRUE	0.163	down
ECE2	-0.162	up	TRUE	0.162	down
ITGA8	0.158	down	TRUE	0.158	up
GPRC5A	0.157	down	TRUE	0.157	up
TXNRD1	0.157	down	TRUE	0.157	up
NANOS1	-0.156	up	TRUE	0.156	down
NABP1	0.152	down	TRUE	0.152	up
MMP19	-0.152	up	TRUE	0.152	down
KCNG1	-0.15	up	TRUE	0.15	down
QPCTL	-0.15	up	TRUE	0.15	down
ISM1	-0.149	up	TRUE	0.149	down
NR4A3	-0.149	up	TRUE	0.149	down
LYPD1	-0.148	up	TRUE	0.148	down
OLFML1	-0.143	up	TRUE	0.143	down
ALCAM	-0.142	up	TRUE	0.142	down
TGM2	-0.141	up	TRUE	0.141	down
FMN1	0.14	down	TRUE	0.14	up
FAM20A	-0.14	up	TRUE	0.14	down
DIO2	-0.137	up	TRUE	0.137	down
DDX58	-0.135	up	TRUE	0.135	down
ID2	0.135	down	TRUE	0.135	up
TFPI2	0.134	down	TRUE	0.134	up
MLKL	-0.126	up	TRUE	0.126	down
DUSP23	-0.123	up	TRUE	0.123	down
IGFBP3	0.122	down	TRUE	0.122	up
ADM	-0.112	up	TRUE	0.112	down
TNFAIP8L3	-0.111	up	TRUE	0.111	down
PARP9	-0.111	up	TRUE	0.111	down
PDK3	-0.106	up	TRUE	0.106	down
WNT16	-0.104	up	TRUE	0.104	down
DBNDD1	-0.104	up	TRUE	0.104	down
FBL	-0.103	up	TRUE	0.103	down
CLSTN2	0.103	down	TRUE	0.103	up
NKD1	-0.1	up	TRUE	0.1	down
LOXL2	0.093	down	TRUE	0.093	up
EPS15	0.092	down	TRUE	0.092	up
ARRDC2	-0.088	up	TRUE	0.088	down
CD82	-0.086	up	TRUE	0.086	down
JUN	0.083	down	TRUE	0.083	up
MEDAG	-0.082	up	TRUE	0.082	down
COL6A2	0.082	down	TRUE	0.082	up
CKB	-0.082	up	TRUE	0.082	down
TNFSF15	0.08	down	TRUE	0.08	up
CHST2	-0.078	up	TRUE	0.078	down
PERP	-0.077	up	TRUE	0.077	down
ADRA1D	0.075	down	TRUE	0.075	up
WNT2	-0.073	up	TRUE	0.073	down
SNHG5	-0.072	up	TRUE	0.072	down
IFI44	-0.071	up	TRUE	0.071	down
ADPRHL1	-0.071	up	TRUE	0.071	down
PPP1R13L	-0.07	up	TRUE	0.07	down
RPL41	-0.07	up	TRUE	0.07	down
CENPF	0.069	down	TRUE	0.069	up
SGCG	-0.069	up	TRUE	0.069	down
MRPS2	-0.068	up	TRUE	0.068	down
STEAP2	0.068	down	TRUE	0.068	up
TEAD1	0.068	down	TRUE	0.068	up
RASD2	-0.068	up	TRUE	0.068	down
VCAM1	-0.066	up	TRUE	0.066	down
RPS20	-0.066	up	TRUE	0.066	down
DHRS2	-0.065	up	TRUE	0.065	down
SULF1	0.06	down	TRUE	0.06	up
FKBP5	-0.059	up	TRUE	0.059	down
TMEM204	-0.058	up	TRUE	0.058	down
SYT12	-0.058	up	TRUE	0.058	down
IL7R	0.057	down	TRUE	0.057	up
SCN9A	0.053	down	TRUE	0.053	up
QRICH2	-0.052	up	TRUE	0.052	down
ASPN	-0.052	up	TRUE	0.052	down
AHR	0.051	down	TRUE	0.051	up
PTGS1	-0.05	up	TRUE	0.05	down
NAV3	0.047	down	TRUE	0.047	up
TMEM106B	0.046	down	TRUE	0.046	up
CLDN11	-0.042	up	TRUE	0.042	down
DCBLD2	0.042	down	TRUE	0.042	up
LAMP5	0.04	down	TRUE	0.04	up
IFI27	0.038	down	TRUE	0.038	up
IFI35	-0.037	up	TRUE	0.037	down
GREM2	0.036	down	TRUE	0.036	up
CIT	0.035	down	TRUE	0.035	up
SPOCK1	0.035	down	TRUE	0.035	up
PTTG1	0.034	down	TRUE	0.034	up
UFL1	0.032	down	TRUE	0.032	up
TMOD2	0.032	down	TRUE	0.032	up
BDKRB1	0.032	down	TRUE	0.032	up
RPL10A	-0.032	up	TRUE	0.032	down
RPL28	-0.031	up	TRUE	0.031	down
EPGN	0.026	down	TRUE	0.026	up
ALX4	-0.024	up	TRUE	0.024	down
BST2	-0.023	up	TRUE	0.023	down
NTSR1	0.022	down	TRUE	0.022	up
EEA1	0.022	down	TRUE	0.022	up
MSX2	-0.022	up	TRUE	0.022	down
ITGB8	0.021	down	TRUE	0.021	up
KIF20A	0.021	down	TRUE	0.021	up
EPS8	-0.02	up	TRUE	0.02	down
RASIP1	-0.018	up	TRUE	0.018	down
HSPE1	-0.016	up	TRUE	0.016	down
ANPEP	0.015	down	TRUE	0.015	up
PTCHD4	0.013	down	TRUE	0.013	up
PRELP	0.012	down	TRUE	0.012	up
TSKU	-0.012	up	TRUE	0.012	down
TENM2	0.012	down	TRUE	0.012	up
SLFN5	0.012	down	TRUE	0.012	up
ADAMTSL4	-0.01	up	TRUE	0.01	down
PRKAA1	0.01	down	TRUE	0.01	up
CST3	-0.004	up	TRUE	0.004	down
RPL38	-0.001	up	TRUE	0.001	down
SAMD5	-1.37	down	FALSE	1.37	down
IFITM1	1.362	up	FALSE	1.362	up
GAS1	-1.341	down	FALSE	1.341	down
FBN1	-1.333	down	FALSE	1.333	down
SPON2	-1.07	down	FALSE	1.07	down
COL11A1	1.068	up	FALSE	1.068	up
SLIT2	-1.045	down	FALSE	1.045	down
SLC4A4	-0.991	down	FALSE	0.991	down
NCEH1	-0.98	down	FALSE	0.98	down
CEBPB	0.965	up	FALSE	0.965	up
CADM1	-0.917	down	FALSE	0.917	down
ISG15	0.909	up	FALSE	0.909	up
DOK6	-0.902	down	FALSE	0.902	down
CRIM1	-0.894	down	FALSE	0.894	down
CXCL12	-0.875	down	FALSE	0.875	down
CD14	0.848	up	FALSE	0.848	up
NBL1	-0.835	down	FALSE	0.835	down
UPP1	0.819	up	FALSE	0.819	up
GFRA1	-0.819	down	FALSE	0.819	down
FMN2	-0.796	down	FALSE	0.796	down
OST4	0.795	up	FALSE	0.795	up
PIEZO2	-0.791	down	FALSE	0.791	down
PRKCE	-0.774	down	FALSE	0.774	down
TIMP1	0.764	up	FALSE	0.764	up
SMAD3	-0.761	down	FALSE	0.761	down
NDNF	-0.755	down	FALSE	0.755	down
FOXQ1	-0.736	down	FALSE	0.736	down
EPHB2	-0.713	down	FALSE	0.713	down
RALGPS2	-0.71	down	FALSE	0.71	down
TNS1	-0.703	down	FALSE	0.703	down
CACHD1	-0.7	down	FALSE	0.7	down
F10	0.694	up	FALSE	0.694	up
PLSCR1	0.692	up	FALSE	0.692	up
KLF12	-0.69	down	FALSE	0.69	down
HERC3	-0.68	down	FALSE	0.68	down
IRS1	-0.679	down	FALSE	0.679	down
MYLK	-0.675	down	FALSE	0.675	down
NRP1	-0.673	down	FALSE	0.673	down
LRRC15	-0.665	down	FALSE	0.665	down
IGFBP2	-0.664	down	FALSE	0.664	down
ADAMTS2	-0.662	down	FALSE	0.662	down
ADCY9	-0.646	down	FALSE	0.646	down
ITPR3	-0.646	down	FALSE	0.646	down
ARL4C	-0.643	down	FALSE	0.643	down
MBNL1	-0.64	down	FALSE	0.64	down
NTRK2	0.64	up	FALSE	0.64	up
SDF2L1	0.629	up	FALSE	0.629	up
RGCC	0.617	up	FALSE	0.617	up
FAM171B	-0.611	down	FALSE	0.611	down
OMD	0.607	up	FALSE	0.607	up
CACNA2D3	-0.605	down	FALSE	0.605	down
SLC7A2	0.59	up	FALSE	0.59	up
OAS2	0.589	up	FALSE	0.589	up
SNTB1	-0.583	down	FALSE	0.583	down
SRPX	0.581	up	FALSE	0.581	up
ATM	-0.58	down	FALSE	0.58	down
DNAJC6	-0.578	down	FALSE	0.578	down
HMCN1	-0.575	down	FALSE	0.575	down
FBLN2	-0.569	down	FALSE	0.569	down
ICK	-0.552	down	FALSE	0.552	down
NID2	0.551	up	FALSE	0.551	up
THBS2	-0.55	down	FALSE	0.55	down
SH3D19	-0.548	down	FALSE	0.548	down
HEG1	-0.548	down	FALSE	0.548	down
SEMA6D	-0.544	down	FALSE	0.544	down
N4BP3	-0.543	down	FALSE	0.543	down
KIT	-0.54	down	FALSE	0.54	down
GLRX	0.532	up	FALSE	0.532	up
RSAD2	0.53	up	FALSE	0.53	up
EFNB2	-0.524	down	FALSE	0.524	down
COMP	0.523	up	FALSE	0.523	up
PLXNC1	-0.522	down	FALSE	0.522	down
KCNH1	-0.519	down	FALSE	0.519	down
SOD3	-0.519	down	FALSE	0.519	down
PDGFC	-0.512	down	FALSE	0.512	down
COL8A1	-0.511	down	FALSE	0.511	down
TRAM2	-0.509	down	FALSE	0.509	down
NCOA2	-0.506	down	FALSE	0.506	down
MED13L	-0.504	down	FALSE	0.504	down
SLC39A10	-0.502	down	FALSE	0.502	down
MEGF6	-0.49	down	FALSE	0.49	down
DPP4	-0.487	down	FALSE	0.487	down
PLAUR	0.486	up	FALSE	0.486	up
EPG5	-0.486	down	FALSE	0.486	down
HEPH	-0.486	down	FALSE	0.486	down
MKX	-0.476	down	FALSE	0.476	down
SULF2	-0.475	down	FALSE	0.475	down
CRYAB	-0.475	down	FALSE	0.475	down
UTRN	-0.475	down	FALSE	0.475	down
EYA1	-0.466	down	FALSE	0.466	down
PAMR1	0.466	up	FALSE	0.466	up
MEST	-0.463	down	FALSE	0.463	down
RFX7	-0.463	down	FALSE	0.463	down
IL1RN	0.462	up	FALSE	0.462	up
CACNA2D1	-0.462	down	FALSE	0.462	down
NEDD4	-0.455	down	FALSE	0.455	down
IL6ST	-0.453	down	FALSE	0.453	down
PSD3	-0.449	down	FALSE	0.449	down
SEL1L3	-0.444	down	FALSE	0.444	down
IFIH1	0.435	up	FALSE	0.435	up
CKLF	0.425	up	FALSE	0.425	up
LTBP4	-0.417	down	FALSE	0.417	down
FLNB	-0.417	down	FALSE	0.417	down
AK5	-0.414	down	FALSE	0.414	down
EDNRB	0.414	up	FALSE	0.414	up
FOXC1	0.407	up	FALSE	0.407	up
TNXB	-0.405	down	FALSE	0.405	down
SLC1A5	-0.404	down	FALSE	0.404	down
TMEM47	-0.403	down	FALSE	0.403	down
ANKRD12	-0.402	down	FALSE	0.402	down
BDNF	-0.4	down	FALSE	0.4	down
DPYD	-0.399	down	FALSE	0.399	down
ADAMTS14	-0.398	down	FALSE	0.398	down
NR1D2	-0.394	down	FALSE	0.394	down
APCDD1	-0.394	down	FALSE	0.394	down
DLX5	0.392	up	FALSE	0.392	up
ID3	-0.39	down	FALSE	0.39	down
ATP2B4	-0.389	down	FALSE	0.389	down
MAGOH	0.389	up	FALSE	0.389	up
ZC2HC1A	-0.386	down	FALSE	0.386	down
AXL	-0.385	down	FALSE	0.385	down
RASA1	-0.383	down	FALSE	0.383	down
ALDH3A1	-0.378	down	FALSE	0.378	down
RGMB	-0.378	down	FALSE	0.378	down
SOCS5	-0.378	down	FALSE	0.378	down
GADD45A	0.376	up	FALSE	0.376	up
FTO	-0.376	down	FALSE	0.376	down
NMT2	-0.374	down	FALSE	0.374	down
LIMA1	-0.37	down	FALSE	0.37	down
NTNG1	-0.369	down	FALSE	0.369	down
SMURF2	-0.368	down	FALSE	0.368	down
PFKFB3	-0.367	down	FALSE	0.367	down
ISG20	0.366	up	FALSE	0.366	up
ITIH5	-0.363	down	FALSE	0.363	down
CDH6	-0.363	down	FALSE	0.363	down
DUSP1	0.359	up	FALSE	0.359	up
PRRX1	-0.355	down	FALSE	0.355	down
GULP1	-0.354	down	FALSE	0.354	down
GLDN	0.351	up	FALSE	0.351	up
PTGFR	-0.349	down	FALSE	0.349	down
SERTAD2	-0.349	down	FALSE	0.349	down
FRYL	-0.348	down	FALSE	0.348	down
PLCB4	-0.341	down	FALSE	0.341	down
SYTL2	-0.341	down	FALSE	0.341	down
OSBPL8	-0.34	down	FALSE	0.34	down
PIKFYVE	-0.339	down	FALSE	0.339	down
UNC5D	-0.336	down	FALSE	0.336	down
NAPEPLD	-0.33	down	FALSE	0.33	down
COLEC12	-0.329	down	FALSE	0.329	down
IFIT3	0.327	up	FALSE	0.327	up
SLC7A5	-0.323	down	FALSE	0.323	down
POLR3K	0.318	up	FALSE	0.318	up
SLC14A1	-0.317	down	FALSE	0.317	down
FAM107B	-0.315	down	FALSE	0.315	down
EPHA5	-0.312	down	FALSE	0.312	down
NHSL2	-0.307	down	FALSE	0.307	down
VEGFC	-0.306	down	FALSE	0.306	down
CFH	0.302	up	FALSE	0.302	up
ITGA10	0.301	up	FALSE	0.301	up
SYNPO	-0.301	down	FALSE	0.301	down
TNC	-0.3	down	FALSE	0.3	down
RPS3	0.3	up	FALSE	0.3	up
SIPA1L2	-0.3	down	FALSE	0.3	down
CTSL	0.3	up	FALSE	0.3	up
PLCB1	-0.299	down	FALSE	0.299	down
PTGES	0.297	up	FALSE	0.297	up
MYO5A	-0.295	down	FALSE	0.295	down
TSPAN9	-0.293	down	FALSE	0.293	down
IFIT1	0.29	up	FALSE	0.29	up
UACA	-0.288	down	FALSE	0.288	down
DNAJB14	-0.286	down	FALSE	0.286	down
LBH	-0.284	down	FALSE	0.284	down
DPF3	-0.283	down	FALSE	0.283	down
AQP1	-0.282	down	FALSE	0.282	down
KAT6A	-0.281	down	FALSE	0.281	down
ATP2A3	-0.279	down	FALSE	0.279	down
MARVELD3	-0.278	down	FALSE	0.278	down
ACPP	-0.278	down	FALSE	0.278	down
KYNU	-0.275	down	FALSE	0.275	down
SAPCD2	-0.271	down	FALSE	0.271	down
DDIT3	-0.271	down	FALSE	0.271	down
PRDX5	0.271	up	FALSE	0.271	up
OAS3	0.267	up	FALSE	0.267	up
HIP1	-0.267	down	FALSE	0.267	down
CCBE1	-0.267	down	FALSE	0.267	down
IKZF2	-0.265	down	FALSE	0.265	down
VEGFA	-0.264	down	FALSE	0.264	down
RBM41	-0.261	down	FALSE	0.261	down
GALNT3	-0.26	down	FALSE	0.26	down
PBX1	-0.258	down	FALSE	0.258	down
BEX1	-0.258	down	FALSE	0.258	down
ROCK2	-0.256	down	FALSE	0.256	down
TRIM33	-0.252	down	FALSE	0.252	down
CLASP2	-0.252	down	FALSE	0.252	down
DDIT4	0.247	up	FALSE	0.247	up
ANKRD50	-0.245	down	FALSE	0.245	down
SOCS2	-0.24	down	FALSE	0.24	down
HIVEP1	-0.24	down	FALSE	0.24	down
SMAD9	-0.239	down	FALSE	0.239	down
TKT	-0.237	down	FALSE	0.237	down
KREMEN1	-0.235	down	FALSE	0.235	down
AMIGO2	-0.231	down	FALSE	0.231	down
EGR1	-0.23	down	FALSE	0.23	down
RPL10	0.23	up	FALSE	0.23	up
OSBP2	-0.229	down	FALSE	0.229	down
ICAM1	0.228	up	FALSE	0.228	up
ATOX1	0.228	up	FALSE	0.228	up
CYP26B1	0.227	up	FALSE	0.227	up
FOXF2	-0.226	down	FALSE	0.226	down
TM4SF20	-0.223	down	FALSE	0.223	down
ITGA11	-0.223	down	FALSE	0.223	down
KCNK6	0.219	up	FALSE	0.219	up
GREB1L	-0.217	down	FALSE	0.217	down
SMOX	0.215	up	FALSE	0.215	up
MYO1D	-0.214	down	FALSE	0.214	down
CLMP	-0.213	down	FALSE	0.213	down
HMGA1	-0.21	down	FALSE	0.21	down
CLU	0.209	up	FALSE	0.209	up
SSC5D	-0.208	down	FALSE	0.208	down
AEBP1	0.204	up	FALSE	0.204	up
LONP1	-0.203	down	FALSE	0.203	down
NNMT	0.2	up	FALSE	0.2	up
RASD1	0.199	up	FALSE	0.199	up
ADD3	-0.197	down	FALSE	0.197	down
C5AR2	0.195	up	FALSE	0.195	up
HSPA12A	-0.194	down	FALSE	0.194	down
RPL26	0.192	up	FALSE	0.192	up
PCMTD1	-0.191	down	FALSE	0.191	down
CEP135	-0.191	down	FALSE	0.191	down
ENAH	-0.19	down	FALSE	0.19	down
ATP6V0B	0.19	up	FALSE	0.19	up
NPC1	-0.189	down	FALSE	0.189	down
AHCTF1	-0.187	down	FALSE	0.187	down
AK4	0.185	up	FALSE	0.185	up
PLEKHG4	-0.182	down	FALSE	0.182	down
IL1RL2	0.18	up	FALSE	0.18	up
RPAP2	-0.177	down	FALSE	0.177	down
SUN1	-0.177	down	FALSE	0.177	down
JRK	-0.176	down	FALSE	0.176	down
HAS2	-0.175	down	FALSE	0.175	down
MCF2L	-0.173	down	FALSE	0.173	down
DOK5	-0.169	down	FALSE	0.169	down
ADRA2A	-0.169	down	FALSE	0.169	down
UGCG	-0.168	down	FALSE	0.168	down
UHMK1	-0.158	down	FALSE	0.158	down
NUDT6	-0.158	down	FALSE	0.158	down
FRMD6	-0.158	down	FALSE	0.158	down
MYO1B	-0.157	down	FALSE	0.157	down
PYGO1	-0.156	down	FALSE	0.156	down
CHL1	-0.155	down	FALSE	0.155	down
RPL27	0.154	up	FALSE	0.154	up
LTBP2	-0.154	down	FALSE	0.154	down
SCN8A	-0.154	down	FALSE	0.154	down
SYNRG	-0.153	down	FALSE	0.153	down
LYPD6	-0.152	down	FALSE	0.152	down
WNT5A	-0.151	down	FALSE	0.151	down
LTBP1	-0.149	down	FALSE	0.149	down
SRGN	0.148	up	FALSE	0.148	up
STAM2	-0.146	down	FALSE	0.146	down
SMC4	-0.146	down	FALSE	0.146	down
CPXM2	-0.146	down	FALSE	0.146	down
SMOC1	0.146	up	FALSE	0.146	up
ASPM	-0.145	down	FALSE	0.145	down
DLC1	-0.145	down	FALSE	0.145	down
DLX2	-0.144	down	FALSE	0.144	down
HELZ2	0.144	up	FALSE	0.144	up
MIF	0.143	up	FALSE	0.143	up
HPCAL1	-0.142	down	FALSE	0.142	down
ZEB2	-0.141	down	FALSE	0.141	down
LTK	-0.14	down	FALSE	0.14	down
LYPD3	0.14	up	FALSE	0.14	up
ZKSCAN8	-0.14	down	FALSE	0.14	down
ELN	-0.137	down	FALSE	0.137	down
SYNJ2	-0.137	down	FALSE	0.137	down
KCTD12	-0.133	down	FALSE	0.133	down
GDF15	0.132	up	FALSE	0.132	up
PTPN13	-0.13	down	FALSE	0.13	down
ATP8B1	-0.129	down	FALSE	0.129	down
SH3BP4	-0.127	down	FALSE	0.127	down
POSTN	-0.124	down	FALSE	0.124	down
CEP170	-0.123	down	FALSE	0.123	down
E2F7	-0.123	down	FALSE	0.123	down
SEMA3A	-0.122	down	FALSE	0.122	down
AHRR	-0.118	down	FALSE	0.118	down
SLC24A3	-0.117	down	FALSE	0.117	down
TLR4	0.116	up	FALSE	0.116	up
SLC4A7	-0.114	down	FALSE	0.114	down
EVC	-0.108	down	FALSE	0.108	down
CMKLR1	0.107	up	FALSE	0.107	up
PSPH	-0.106	down	FALSE	0.106	down
RGS4	0.105	up	FALSE	0.105	up
EHF	-0.102	down	FALSE	0.102	down
ATP13A3	-0.101	down	FALSE	0.101	down
FRZB	0.1	up	FALSE	0.1	up
RPL11	0.1	up	FALSE	0.1	up
MMP10	0.099	up	FALSE	0.099	up
CEP350	-0.098	down	FALSE	0.098	down
VSTM4	-0.098	down	FALSE	0.098	down
C1GALT1	-0.096	down	FALSE	0.096	down
SYNPO2	0.094	up	FALSE	0.094	up
RPS28	0.093	up	FALSE	0.093	up
ATP5J2	0.092	up	FALSE	0.092	up
CALB2	-0.091	down	FALSE	0.091	down
SHMT2	-0.089	down	FALSE	0.089	down
IKZF5	-0.088	down	FALSE	0.088	down
NEK10	-0.088	down	FALSE	0.088	down
ARHGAP33	-0.087	down	FALSE	0.087	down
CNTN3	0.086	up	FALSE	0.086	up
SASH1	-0.086	down	FALSE	0.086	down
SH2D4A	-0.085	down	FALSE	0.085	down
C1QTNF1	0.085	up	FALSE	0.085	up
TLDC2	0.084	up	FALSE	0.084	up
EPHB1	-0.084	down	FALSE	0.084	down
IRF7	0.083	up	FALSE	0.083	up
CPEB2	-0.082	down	FALSE	0.082	down
RPL36	0.082	up	FALSE	0.082	up
GADD45B	0.081	up	FALSE	0.081	up
CMPK2	0.081	up	FALSE	0.081	up
SHC4	0.08	up	FALSE	0.08	up
ALPL	0.08	up	FALSE	0.08	up
DLL1	-0.079	down	FALSE	0.079	down
SIX2	0.078	up	FALSE	0.078	up
TMEM119	-0.077	down	FALSE	0.077	down
KLF7	-0.076	down	FALSE	0.076	down
RAB3B	-0.076	down	FALSE	0.076	down
IGF2BP3	-0.075	down	FALSE	0.075	down
RAC2	0.073	up	FALSE	0.073	up
ADAM33	-0.072	down	FALSE	0.072	down
CYSTM1	0.072	up	FALSE	0.072	up
ITGA1	-0.071	down	FALSE	0.071	down
FER1L6	-0.069	down	FALSE	0.069	down
MAMLD1	-0.069	down	FALSE	0.069	down
TMEM158	-0.067	down	FALSE	0.067	down
BROX	-0.066	down	FALSE	0.066	down
PPP1R14A	0.064	up	FALSE	0.064	up
HIPK3	-0.062	down	FALSE	0.062	down
RBPJ	-0.062	down	FALSE	0.062	down
ADAM12	-0.062	down	FALSE	0.062	down
NPR3	0.06	up	FALSE	0.06	up
KLF15	0.058	up	FALSE	0.058	up
RAPH1	-0.056	down	FALSE	0.056	down
KCND3	-0.053	down	FALSE	0.053	down
UXT	0.053	up	FALSE	0.053	up
FAM107A	0.053	up	FALSE	0.053	up
IFIT2	0.049	up	FALSE	0.049	up
PSD4	0.048	up	FALSE	0.048	up
ANP32E	-0.047	down	FALSE	0.047	down
SLC22A15	-0.047	down	FALSE	0.047	down
PNPLA3	-0.046	down	FALSE	0.046	down
FABP5	0.043	up	FALSE	0.043	up
TES	0.043	up	FALSE	0.043	up
MFGE8	0.042	up	FALSE	0.042	up
FNDC4	0.039	up	FALSE	0.039	up
SAMD9L	-0.038	down	FALSE	0.038	down
ALDOC	0.038	up	FALSE	0.038	up
PER3	-0.036	down	FALSE	0.036	down
TRIM47	0.036	up	FALSE	0.036	up
CTH	0.035	up	FALSE	0.035	up
CORIN	0.035	up	FALSE	0.035	up
POP5	0.035	up	FALSE	0.035	up
STC1	0.035	up	FALSE	0.035	up
TRNP1	0.032	up	FALSE	0.032	up
DLX1	-0.031	down	FALSE	0.031	down
HERC6	0.03	up	FALSE	0.03	up
SSPN	0.03	up	FALSE	0.03	up
RCAN1	0.03	up	FALSE	0.03	up
GNG12	-0.028	down	FALSE	0.028	down
EBF3	-0.026	down	FALSE	0.026	down
IRX3	0.026	up	FALSE	0.026	up
CHRNA1	0.025	up	FALSE	0.025	up
FAU	0.025	up	FALSE	0.025	up
VAT1L	0.021	up	FALSE	0.021	up
DAAM2	-0.019	down	FALSE	0.019	down
FGF2	-0.016	down	FALSE	0.016	down
ANXA3	0.016	up	FALSE	0.016	up
GCNT1	0.016	up	FALSE	0.016	up
CPA4	-0.013	down	FALSE	0.013	down
SLC47A1	-0.013	down	FALSE	0.013	down
OSR1	-0.013	down	FALSE	0.013	down
PNMAL1	0.013	up	FALSE	0.013	up
NPTX1	-0.011	down	FALSE	0.011	down
SYT11	-0.01	down	FALSE	0.01	down
SP110	0.005	up	FALSE	0.005	up
LDB2	-0.004	down	FALSE	0.004	down
ARG2	0.004	up	FALSE	0.004	up
GALM	-0.004	down	FALSE	0.004	down
GPNMB	-0.003	down	FALSE	0.003	down
NCAPG	0	down	FALSE	0	up
ELFN1	0	down	FALSE	0	up
